global index i, global index j, local index i, local index j, tx, ty, tz, r11, r12, r13, r21, r22, r23, r31, r32, r33, number of matches 
0, 1, 4, 5, -0.0021091159590862726, 0.0032985966732150787, -0.006114194628999999, 0.9999953409144455, -0.0027539713686355965, 0.0013167350160726854, 0.0027570337393551156, 0.9999934858443004, -0.002329599520306842, -0.0013103107882766274, 0.0023332189493684413, 0.9999964195810765, 986
1, 2, 5, 10, 0.01293048097120843, -0.01792119563149212, -0.027180825476732222, 0.9999968693826213, -0.0012314074366403627, -0.0021782701121426753, 0.0012473869492365282, 0.9999722119268442, 0.007349789108108632, 0.002169158997247934, -0.007352483244440868, 0.9999706174380252, 974
2, 3, 10, 15, 0.022489491448972748, 0.10747810612890991, 0.015419682944873584, 0.999996940168909, 0.0018255080737415146, 0.001669482881687108, -0.0017467754661430759, 0.99893974070382, -0.046003730479774116, -0.0017516929783550645, 0.04600067350439018, 0.9989398728696598, 674
3, 4, 15, 21, 0.00517474671002059, 0.07615510773444906, 0.024721014990669806, 0.999991571077092, 0.004104425878963783, -0.00010706527587771655, -0.004105151110111603, 0.999959569131153, -0.008000489822615784, 7.422352966321956e-05, 0.008000861906240015, 0.9999679898374871, 796
4, 5, 21, 28, -0.039556017027879364, 0.03836211951391666, 0.013000263019613892, 0.9995262069836458, -0.0037233165858014806, 0.030553207139159867, 0.0044347446255756815, 0.9997198399776276, -0.023250260110633955, -0.030458079272870028, 0.02337473997091947, 0.9992626916573536, 882
5, 6, 28, 30, -0.023473879461418223, 0.03240798911543234, 0.005334003466822096, 0.9999211309088711, 0.007848137351365218, -0.009805034525072724, -0.007705744325512701, 0.9998655131704767, 0.014476777152696088, 0.009917331612565456, -0.014400080293286712, 0.9998471304260632, 837
6, 7, 30, 35, -0.06240103139107868, 0.05124303457892021, -0.0005967530200096019, 0.9999567240877353, 0.00783164389887745, -0.005021484398627701, -0.007727289004749416, 0.9997605079450874, 0.020474759046649985, 0.005180632814779477, -0.020435070521593067, 0.9997777597728488, 704
7, 8, 35, 40, -0.0014062764180193467, 0.04977343726266164, -0.0388332129187775, 0.9999902082095209, 0.0019242581248653863, 0.0039850615738887514, -0.0019368911803183816, 0.9999931039561607, 0.0031686736465302576, -0.003978936746720311, -0.00317636125015781, 0.9999870393117977, 1097
8, 9, 40, 49, 0.08836747573857644, 0.031810744210233416, 0.015229660736049266, 0.999823566017336, 0.01089564829759456, -0.015301035407874171, -0.011046247389094106, 0.9998910364664723, -0.009792630526211822, 0.015192671094867573, 0.009959921795832013, 0.9998349777352383, 776
9, 10, 49, 50, 0.01046353399874033, 0.005399110499533309, 0.010324288277064922, 0.9999983062104841, -0.0018325894160157712, 0.00017085723882968938, 0.0018329299989494465, 0.9999962900669702, -0.0020149987379584123, -0.0001671639396008376, 0.0020153084943344253, 0.9999979552918546, 1082
10, 11, 50, 55, -0.009443890166528343, 0.09245419402014858, 0.010348511204504843, 0.9999911655416425, -0.004165132540022335, 0.0005661356654377691, 0.004134954235705891, 0.9989493647334269, 0.045640649120617945, -0.00075564021614212, -0.045637904965135555, 0.9989577621893018, 1007
11, 12, 55, 64, -0.06621986501569135, 0.11224713629238091, 0.009223980396758, 0.999803819114062, -0.01195890813554139, 0.01578948387825221, 0.012930510887601505, 0.9979335923696826, -0.06293923345835864, -0.015004171857237488, 0.06313105207697586, 0.9978924516652747, 661
12, 13, 64, 65, 0.01929383684214232, -0.0020670643507138694, 0.0010752965397610318, 0.9999750817279754, 0.006769389305630994, -0.0020028208999898745, -0.006771053830316644, 0.9999767354357697, -0.0008254800102513796, 0.0019971863096819643, 0.00083902064884209, 0.9999976536428449, 1134
13, 14, 65, 70, 0.05474272348292251, 0.01234985217248887, -0.0004327472243008279, 0.9999297009316224, -0.006702238533944714, 0.009781267475647455, 0.006636957875758196, 0.9999555875431966, 0.006691317605372798, -0.009825679872225952, -0.00662592935177084, 0.9999297740717963, 832
14, 15, 70, 75, 0.010633171272855247, 0.08704842532397619, -0.004231733600675756, 0.9999785786604527, -0.0007279953286367819, -0.0065047861626957755, 0.0007366676445963442, 0.9999988429799984, 0.00133092428258633, 0.006503809729867691, -0.0013356876379064496, 0.99997795795584, 816
15, 16, 75, 80, -0.06523982929300837, 0.21614560885390544, 0.0072931429480270656, 0.9999403482908503, -0.009198620851933152, 0.0058894171524224775, 0.009478230178798558, 0.9987363631637898, -0.04935423028519801, -0.005427984216132376, 0.04940710747239732, 0.9987639734784993, 573
16, 17, 80, 85, -0.01706388670388009, 0.1043649429407413, -0.018007217076086494, 0.999808160639321, 0.016518671919065607, -0.010524989170911546, -0.016664907813541185, 0.9997636528567386, -0.013961349294284863, 0.01029187867125012, 0.014134068932234083, 0.9998471409814779, 793
17, 18, 85, 90, 0.03310912154062113, 0.013504132958740927, 0.0056837128112784885, 0.9996371919208643, -0.009720998318024233, 0.02511944904392148, 0.009167502236653741, 0.9997146918227545, 0.022056560395399796, -0.02532669404620637, -0.02181827549179689, 0.9994411045295534, 823
18, 19, 90, 96, 0.05224214984150947, 0.03340704570527489, 0.03745812152896935, 0.99997972784004, 0.004458985932234025, -0.004545476148428987, -0.0044791240577033735, 0.9999801567147814, -0.004429856019910435, 0.004525633285574537, 0.004450125968730729, 0.9999798573082495, 1131
19, 20, 96, 101, 0.13254958062458747, 0.04132475298011019, -0.01338268904155784, 0.9996562332508937, -0.025496556826072065, 0.006110721123556329, 0.025540665580650337, 0.9996474770642891, -0.007252310024995479, -0.00592365801953361, 0.007405888806628159, 0.999955030532199, 716
20, 21, 101, 105, -0.04163885759266283, 0.010652333007181993, -0.0664209763882713, 0.9996481550115547, 0.006978216320553113, -0.02559044116420945, -0.00635809294445247, 0.9996860841511933, 0.02423443435615325, 0.025751521044493388, -0.024063201188466152, 0.9993787177604186, 849
21, 22, 105, 110, 0.07378322799858597, 0.01178858637565322, 0.027574439672847773, 0.9996713317748126, 0.022093492377854976, 0.013004077134582188, -0.022253375305370606, 0.9996769264795498, 0.012281284620075007, -0.012728539393458013, -0.012566632761031779, 0.9998400192160535, 856
22, 23, 110, 115, -0.10904511761631472, -0.022590892853268412, 0.005016938471185686, 0.9996055594121191, 0.0012334103527708471, 0.02805716114090133, -0.0010647607044345364, 0.9999812821928274, -0.006025076649372988, -0.028064067364284427, 0.005992825951936838, 0.9995881622748853, 841
23, 24, 115, 124, -0.03945967782542104, -0.0072184906459353704, 0.007413369433630926, 0.9997052992054205, -0.024039805814464212, -0.00337675539589428, 0.02398980196078822, 0.9996121856155994, -0.014140996099508123, 0.0037153926418347265, 0.014055821043502142, 0.9998943092908921, 759
24, 25, 124, 125, 0.006829096617010192, -0.1938431109869425, 0.009694763712964008, 0.9999714883347074, 0.0072692960379941015, 0.002044468826387182, -0.007230001369683482, 0.9998006408237181, -0.01861197702226284, -0.002179357213592684, 0.018596664851388507, 0.9998246918627989, 245
25, 26, 125, 133, 0.6746412361734162, -0.4544476602406628, 1.1653067985620211, 0.9999088521326148, 0.008965169405472208, 0.010095205018547165, -0.007317152564559916, 0.9882217358848088, -0.1528537209333249, -0.011346660529965745, 0.15276592048734972, 0.9881972610933867, 55
26, 27, 133, 139, -0.004418067168979172, -0.04389934601181269, 0.004058320847505551, 0.9957577860652204, 0.0035875075396521535, -0.09194325032401211, -0.0054509560416623765, 0.999784634536638, -0.020024275833927668, 0.09185161168277177, 0.020440507187794995, 0.9955628895741259, 259
28, 29, 4, 5, 0.010809673793691863, 0.0485753952676301, -0.0017379126701189379, 0.9999968655401031, 0.0012555416669997835, 0.0021662236937434747, -0.001231282778402952, 0.9999369234029871, -0.011163922164191062, -0.0021801038251687012, 0.011161219937396398, 0.9999353350676337, 904
29, 30, 5, 10, 0.03426372611717859, 0.16229069572617325, -0.006992836290863225, 0.9999376000612944, -0.004774301859317233, 0.010099605210865933, 0.003910239181638199, 0.9964658670916654, 0.08390760246126652, -0.010464512086169862, -0.0838628747600016, 0.9964223563448317, 515
30, 31, 10, 15, -0.0066587921631589345, 0.1696381634725771, 0.005880714995880415, 0.9999902598423858, -0.003990840719587659, -0.0018850492588812072, 0.0037571455084296906, 0.9938228267510972, -0.110914709962598, 0.0023160479239463425, 0.11090654723148538, 0.9938281409294084, 580
31, 32, 15, 20, -0.018297638244751144, 0.1781969768529728, 0.013038094865637156, 0.999792423645603, -0.0017553763897832923, 0.020298479612550213, 0.00369803994763889, 0.9953679389498623, -0.09606763560767229, -0.020035820956392635, 0.09612275882658085, 0.995167815553824, 518
32, 33, 20, 25, -0.038483885050978696, 0.1584154825294034, 0.01882375212663223, 0.9999877370153405, -0.0009414868115031093, -0.0048620388234641276, 0.0012487856242748183, 0.9979751586616994, 0.06359263501870116, 0.00479232233908735, -0.06359792682738188, 0.9979640962228337, 544
33, 34, 25, 30, -0.0007101780429625661, 0.13147285069368878, 0.011297626802945776, 0.9999730369531653, 0.005569084587671826, 0.004786508489367916, -0.005491983035698348, 0.9998573397024171, -0.015973051228266012, -0.004874780918055908, 0.01594633312271479, 0.9998609658202187, 545
34, 35, 30, 35, -0.026881832653880375, 0.12389740167645011, 0.005704124539714259, 0.9999838210505541, -0.005026560634066902, 0.0026629542477248167, 0.005084132322584283, 0.9997434369303262, -0.022072877321851096, -0.0025513203757821347, 0.022086059017649165, 0.9997528178311923, 394
35, 36, 35, 40, -0.02181964621560333, 0.09235137145897597, -0.001900966657760893, 0.9999852120224466, 0.0014687632561243534, -0.005236264977997942, -0.001376295253644868, 0.9998438220444669, 0.017619231847251206, 0.00526132566917721, -0.01761176464780919, 0.9998310578283679, 659
36, 37, 40, 45, -0.1908162634262209, -0.02319201856448809, 0.004656868883484967, 0.9997034714734814, 0.01361738482917417, -0.020187519765549118, -0.013603371544750824, 0.9999071242794662, 0.0008313229118938732, 0.02019696527911366, -0.0005564580689978828, 0.9997958656385473, 742
37, 38, 45, 51, -0.4880580701786151, -0.3391643884401403, 0.9754163943300187, 0.6342982370953455, 0.5224829690455625, -0.5698046099103358, -0.6106755687305071, 0.7905932672277018, 0.045140176892654635, 0.47406866187653407, 0.31933341959707645, 0.8205394999358836, 67
38, 39, 51, 56, -0.1469099953187169, -0.18597067516407745, -0.3089838491977838, 0.9983835645259002, -0.05414456843003267, -0.01728073476687421, 0.05312205928747544, 0.9970738302224672, -0.05497111880393389, 0.020206555906820804, 0.0539642733206311, 0.9983383956872343, 83
40, 41, 4, 5, -0.0012054276686770428, 0.029026717943390953, 0.00044026568637873815, 0.9999958380020024, 0.0011971161984548583, -0.002625050757622529, -0.0013153214487922732, 0.9989634584172743, -0.045500315125113364, 0.0025678606190842287, 0.04550357853845859, 0.9989608753259734, 730
41, 42, 5, 12, -0.11268951955091568, -0.049338401512090145, 0.07124433125216038, 0.9977845585526114, -0.01685448116827955, -0.06435760389043271, 0.01573626696675204, 0.9997169658197208, -0.017842593818227354, 0.06464011615027317, 0.01679031616019328, 0.9977673780332368, 808
42, 43, 12, 15, -0.006592791698687316, -0.31080193776537957, 0.02789342375992835, 0.9993690947756719, 0.00391177214940494, 0.03530028960086664, 0.000100916452309117, 0.9935993178713541, -0.11296187561053132, -0.03551622478704025, 0.11289416975305215, 0.9929720561086527, 509
43, 44, 15, 20, 0.031590898364435564, -0.1474248253824102, -0.0012390950290019924, 0.9998668329648165, -0.00478836293129313, 0.01560089476107287, 0.00303801823392136, 0.9938886644627531, 0.11034533564068427, -0.01603392597332963, -0.11028324547674104, 0.9937708583899, 436
44, 45, 20, 25, 0.024309686146667838, -0.04335892037828575, -0.004674130342369593, 0.9998115521386565, 0.0025720843642956224, -0.01924174088051421, -0.0019065845835361242, 0.9994020160359532, 0.03452499498187619, 0.019319035827797638, -0.03448180281388557, 0.9992185847598055, 593
45, 46, 25, 30, -0.003259597695701516, -0.018149692837953688, -0.014232859900936715, 0.9999944498902046, -0.0017668043321266028, -0.0028246400194491027, 0.0017854254134459509, 0.9999766027481833, 0.0066035000034583855, 0.0028129068382221475, -0.006608506537382823, 0.9999742072655996, 696
46, 47, 30, 37, 0.0032019643909072305, 0.0024320489913276892, -0.005492377184305718, 0.9999891618566055, -0.003990858441355181, 0.002397752744567324, 0.0039864678027264, 0.9999903737812076, 0.001833144669091106, -0.002405045484151454, -0.0018235662370907674, 0.9999954451708262, 664
47, 48, 37, 40, -0.0013903841171390918, 0.014935935593577988, 0.023354028992550128, 0.9999926525376828, 0.003722447967162542, 0.0009155609105515418, -0.0037212329773692525, 0.9999921981219659, -0.0013251869026609186, -0.0009204867067490006, 0.001321770150447103, 0.9999987028131045, 813
48, 49, 40, 46, -0.00305739914375254, 0.019863945365404652, 0.018783151238409648, 0.9999911357524717, 0.0018998969364927888, 0.003757500247818818, -0.0018848751590288025, 0.9999902342907625, -0.0039973201949005934, -0.003765058049556292, 0.003990202342787776, 0.9999849511983404, 773
49, 50, 46, 53, 0.0007528118131898807, 0.005006840207660008, -0.01661869652901767, 0.9999966393014795, 0.0024969792674888343, 0.0006974813862611482, -0.0024967071673531616, 0.9999968068917559, -0.0003907167934352561, -0.0006984547708602845, 0.0003889740735776105, 0.9999996804300006, 795
50, 51, 53, 55, -0.021697504651930787, 0.005171997162502992, -0.017720350796930656, 0.9999898276824688, -0.0004154132360622108, 0.004491320900325659, 0.0004173175032474871, 0.9999998234334145, -0.00042305938278238347, -0.004491144362841305, 0.0004249293861119613, 0.9999898244768933, 696
51, 52, 55, 60, -0.02553960915490121, 0.2142067304095971, -0.034130750611953795, 0.9999991849002179, -0.000861317702175069, -0.0009425129790087973, 0.0008546923123183291, 0.9999750821747609, -0.00700746249589398, 0.000948525145130454, 0.0070066512255154145, 0.9999750032569079, 486
52, 53, 60, 65, -0.0327920267042635, 0.30450816843719275, 0.031027054266316485, 0.9997751976085447, 0.008442907773655183, -0.01944920448555859, -0.0053120446764274845, 0.9877845741844924, 0.15573508655571666, 0.02052648114390475, -0.15559676189267738, 0.9876073669532657, 380
53, 54, 65, 70, -0.039974827153955686, 0.3889015178399537, 0.06572149834829746, 0.999857737105552, 0.01629522521035748, 0.004355592440609729, -0.015505263442458388, 0.9896040791076459, -0.14298025534698228, -0.006640207507670544, 0.1428923799537682, 0.989715956926735, 312
54, 55, 70, 75, -0.006201262204211255, 0.1991649035141538, 0.0178595743798233, 0.9999608832274663, -0.00882800110859828, 0.0005462704201832032, 0.008794359861041375, 0.9989426183372235, 0.04512543079247637, -0.0009440601569197392, -0.04511886153260805, 0.9989811795446507, 398
55, 56, 75, 80, 0.013817753425555107, 0.1675515267957077, 0.01597742746142558, 0.9999577548795753, -0.008530972260353105, 0.0034221292337083954, 0.008778856970199, 0.9967145120913283, -0.08051778099800133, -0.0027239909133300773, 0.08054442189772298, 0.9967472979520264, 492
56, 57, 80, 89, -0.005294464102330593, -0.05939468750267672, 0.002327833423892122, 0.9999924004206132, -0.0038751071672236755, -0.0004273704039058213, 0.003877837195287868, 0.9999708081953878, 0.006583702282912835, 0.00040184537628895796, -0.006585309522393101, 0.9999782358725553, 455
57, 58, 89, 90, 0.024681054473296618, -0.4158726942562231, 0.03635056601795433, 0.999921065023931, -0.00036631736093245543, 0.01255904188218486, 0.0013456188068669901, 0.9969480389990769, -0.07805636966911506, -0.012492118772808815, 0.07806710797439621, 0.9968698378530068, 349
58, 59, 90, 95, 0.04401469564005837, -0.8508598150864758, 0.05366626651672246, 0.9999614620515589, -0.005323175993235157, 0.006981275603620412, 0.005585712976719147, 0.9992567258638262, -0.03814178321011322, -0.006773051177303336, 0.038179308705771624, 0.9992479502928683, 120
60, 61, 4, 5, 0.008834097090116932, 0.0005739769554353457, -0.003120067480180888, 0.9999901691555162, 0.0018739345454708135, -0.004018701486973212, -0.0018743033438530414, 0.99999823961938, -8.800634651047381e-05, 0.004018529494396, 9.553774696874211e-05, 0.9999919211139866, 919
61, 62, 5, 10, 0.05042273397917748, 0.004317802090176019, 0.013528148068544172, 0.9999894636886509, 0.0014042699398999592, -0.004370416183892636, -0.0014218968533699816, 0.9999908575501031, -0.004032744170872812, 0.00436471316616674, 0.004038915961644561, 0.9999823180620901, 745
62, 63, 10, 15, 0.016229923515335195, 0.013979920162286044, 0.02530163708017567, 0.9999935885305867, 0.003202648441937198, -0.0016018553855575368, -0.003208293997655047, 0.9999886076465404, -0.0035343212585925462, 0.0015905179481819944, 0.003539437821419265, 0.9999924712879417, 729
63, 64, 15, 20, -0.015837715556444944, 0.0030987053657495598, 0.021247762229719417, 0.9999909681846155, -0.003280113231688032, 0.0027026665318546023, 0.0032711109332376944, 0.9999891100358572, 0.0033286097633463286, -0.002713555316840925, -0.0033197389779162706, 0.9999908079330835, 751
64, 65, 20, 26, -0.025922887655243594, 0.010413124316432527, -0.010916525315683502, 0.9999879875533908, -0.00015751900269978786, 0.00489897302349774, 0.0001528831443884107, 0.999999540238304, 0.0009466519552071882, -0.004899119886810291, -0.0009458916132001453, 0.9999875518792168, 776
65, 66, 26, 32, -0.012428934455071308, 0.0001321271964522925, -0.0028040276739902167, 0.9999275974683716, 0.005675227670737708, -0.01061091947080213, -0.005662689109865397, 0.9999832331669158, 0.0012113369006367465, 0.010617616171983443, -0.001151162858645595, 0.9999429688991756, 893
66, 67, 32, 35, 0.00448927706776092, -0.0005084834748139076, -0.009894964808645448, 0.9999885864571263, -0.004340295871366202, -0.0019971948395796696, 0.004338876912062245, 0.9999903319422158, -0.0007142613238158332, 0.0020002756360593277, 0.0007055875889851517, 0.9999977505192368, 1002
67, 68, 35, 40, 0.0057713131808044575, 0.0003556258518135596, 0.0037106555941782728, 0.999986315532975, 0.0005232549164139655, -0.005205281075775703, -0.0005358336285372638, 0.9999969392905449, -0.0024154278844514465, 0.005204001259406784, 0.0024181839952547054, 0.9999835352429843, 1037
68, 69, 40, 45, -0.010087482442272235, -0.012375473891589012, -0.0004777451049945618, 0.9997014187012898, -0.008180705544969436, 0.023024975644171553, 0.007952592588488173, 0.9999185607636262, 0.00998138825611925, -0.02310475530599064, -0.009795299749592428, 0.9996850615994347, 968
69, 70, 45, 53, 0.0050169877596931275, 0.01700250344139931, -0.003019280330441924, 0.999999166730623, -0.0012277349383550719, 0.0003990049885992124, 0.0012280010264905318, 0.9999990233483711, -0.0006673198507486964, -0.00039818530701447093, 0.000667809273226779, 0.9999996977395723, 813
70, 71, 53, 55, 0.003016442125202602, 0.0029980374023693126, 0.01980545237671227, 0.9999831759118764, 0.0019001353012838916, -0.005480636736183557, -0.0019387447747271245, 0.9999732830045422, -0.007048017154896355, 0.005467098123836488, 0.007058524134269184, 0.9999601432432944, 906
71, 72, 55, 60, 0.04312206103146027, 0.010474223824788575, 0.017424332168028987, 0.9996945355461392, -0.005184372923167871, 0.024165220391767186, 0.004974680034472278, 0.9999495227423438, 0.008729520371301026, -0.024209257686756417, -0.008606639573717288, 0.9996698643039632, 776
72, 73, 60, 65, 0.047699501886496444, 0.15963652465662762, -0.012746329739302857, 0.9999642943729317, -0.008422771082804413, -0.0006833055915756357, 0.008446202773145258, 0.998750898597386, 0.04924737769291934, 0.0002676526848669103, -0.049251390621999784, 0.9987863780027437, 611
73, 74, 65, 70, -0.013312734030837837, 0.09310118195944342, -0.012040876811589371, 0.9999441302029617, 0.0009712814351352203, -0.010525829421778737, -0.0003734162671196475, 0.9983938259721863, 0.0566535861257792, 0.01056394968437688, -0.05664649038549014, 0.9983384086040528, 590
74, 75, 70, 75, -0.04405929484419557, 0.07249496510259562, -0.018289279570592665, 0.999964257729222, -0.00023147090716416012, 0.008451608442468912, 0.0003268252858672832, 0.9999362942620673, -0.011282756873955092, -0.008448458396547506, 0.011285115801948985, 0.9999006299188226, 640
75, 76, 75, 81, -0.027147101499206714, 0.06964834923727385, 0.019552848358091013, 0.9998053332552919, -0.0062288186738048805, 0.018721576114291986, 0.006955189151024592, 0.9992155015735008, -0.03898726406264293, -0.018464044468854964, 0.03910988664194377, 0.9990643101566117, 762
76, 77, 81, 85, 0.02404030338191376, 0.04722263332870651, 0.011918440060614627, 0.9995610664019758, 0.009835101444608222, -0.0279453987790323, -0.010594200932730991, 0.9995753188753138, -0.027146727278097152, 0.027666540078979864, 0.027430870837228682, 0.9992407667250021, 925
77, 78, 85, 93, 0.03565221961035367, 0.3070561927523953, -0.015581292988537982, 0.9999989509684789, 0.0013014618841681682, 0.0006358135777401097, -0.0013239606139985132, 0.9993228951183342, 0.03676953114472606, -0.0005875289219792148, -0.03677033436446364, 0.9993235698813929, 466
78, 79, 93, 95, -0.006395320620177965, 0.044423779648078386, -0.0005186284937615551, 0.9999955126897183, 0.002501644108438518, 0.001648143556456478, -0.0024574961519353068, 0.9996519960987177, -0.026264946383203334, -0.001713275544446904, 0.026260778217791297, 0.9996536581308073, 893
79, 80, 95, 100, -0.01259674742007442, 0.19128554046576723, 0.0017752111794279576, 0.9999897180092103, -0.00199317115706854, -0.004073222876132269, 0.0021196354730917367, 0.9995083204821597, 0.03128297352224434, 0.0040088678353408045, -0.03129128561869674, 0.9995022683431029, 613
80, 81, 100, 105, -0.006893545255347433, 0.1190683751994974, -0.0023405954602931374, 0.9999730212673417, -0.007232395569093375, -0.001284208626710536, 0.007200421337679822, 0.9997010549138268, -0.023365674326705072, 0.0014528145183213249, 0.023355797107226246, 0.9997261605417062, 595
81, 82, 105, 110, -0.016031294754960377, 0.23002919153068133, -0.015405831879227352, 0.9999679115612513, 0.007924907171738754, -0.0011711934720132265, -0.007929033727955516, 0.9999622214079638, -0.0035617665548781504, 0.001142922556658134, 0.003570938695891023, 0.9999929710377268, 464
82, 83, 110, 118, 0.0001434724297943036, 0.08747425951561122, -0.013796917219426745, 0.9999656090059338, -0.007130659152050479, -0.0042349150462553204, 0.007179485368123463, 0.9999066134896897, 0.01162838292408263, 0.004151601527196419, -0.011658387523044173, 0.9999234201703258, 321
83, 84, 118, 120, 0.02108291842087162, -0.5396110317643064, -0.1006070644234664, 0.9999324403339915, 0.00413438066492329, -0.010863777622247226, -0.004442788604190902, 0.999583360915706, -0.028519575906379217, 0.010741340564687608, 0.028565914600774896, 0.9995341975769987, 309
84, 85, 120, 125, -0.006427643400877716, -0.8546558255268201, 0.09463569895123519, 0.9998467112387025, -0.016852853749091425, -0.004747140788111042, 0.017033205930382125, 0.9990167170416457, 0.040932492802970025, 0.004052643690679347, -0.04100707733847617, 0.9991506371349981, 133
85, 86, 125, 133, -0.006180810904723087, -0.16139224038204827, 0.015772731920583212, 0.9998573787668923, 0.011759656448206531, 0.012121576036946257, -0.010949937462844504, 0.9978362749323828, -0.06482952489896458, -0.012857721219528514, 0.06468754833262605, 0.9978227297951049, 138
86, 87, 133, 135, -0.005594745917320372, -0.0011560312796440129, 0.009193314772060084, 0.9999999551325285, -0.00012205949380642388, -0.0002735624634685785, 0.00012212162254077532, 0.9999999667548887, 0.00022710467006310407, 0.0002735347340931099, -0.000227138067765451, 0.9999999367935218, 1072
87, 88, 135, 140, -0.014868079523681988, -0.0019869599274148224, 0.010651388513391832, 0.9999997250670819, -0.0005941435021489652, 0.00044368824597106, 0.0005942065594150679, 0.9999998133769293, -0.0001420023651564229, -0.0004436037933859042, 0.0001422659685815065, 0.9999998914880285, 1092
89, 90, 4, 5, -0.010265573051799327, 0.0007890868428887338, -0.002869602892412405, 0.9999864956476087, 0.0007010144277905829, -0.00514947581673311, -0.0007085259991230088, 0.999998687531346, -0.0014570265933843535, 0.00514844766154387, 0.0014606554546823408, 0.9999856798836266, 778
90, 91, 5, 10, -0.04070202083827986, 0.005054126771765301, 0.014329303010472964, 0.999976780358982, -0.005349067336420259, 0.004222111025873081, 0.005345440685156144, 0.9999853347621964, 0.0008697841223747504, -0.004226701641449732, -0.000847194882245177, 0.9999907085838676, 750
91, 92, 10, 16, -0.017812999371918804, 0.011976623406426197, 0.0042921371436138115, 0.9999828551963883, 0.0033991625715685944, -0.0047681240642788916, -0.0033632990883663465, 0.9999661474802196, 0.007509468210778826, 0.004793488554539225, -0.007493302835102855, 0.9999604356573809, 734
92, 93, 16, 20, 0.023537651130805262, 0.017525411057933964, 0.0285483898806059, 0.9999650475033149, 0.007918570923947228, -0.0026832827312031123, -0.007942192100141203, 0.9999287655238381, -0.008909851997532555, 0.0026125382939991043, 0.008930851722870389, 0.9999567063284124, 725
93, 94, 20, 25, -0.11049617715767966, 0.00011859481541117375, -0.014795196736027551, 0.9994767900347342, 0.025151829961701334, 0.0203354771628587, -0.025175118371390852, 0.9996826603211947, 0.0008899820927384128, -0.020306639230802035, -0.0014014644899523027, 0.9997928166877544, 543
94, 95, 25, 30, -0.26118006778676683, -0.04061409501968857, 0.0630408223504909, 0.986537760216064, -0.010125410568082338, 0.16321986315611006, 0.008454534217318193, 0.9999045412538723, 0.010928368178794437, -0.16331493660727944, -0.009401299947924756, 0.9865291921885785, 495
95, 96, 30, 35, -0.31840198980210044, 0.08067857191090716, 0.11829833747565104, 0.9657654364109638, 0.03748465347504318, 0.25669441479665617, -0.028202705204156197, 0.9988116734648594, -0.03974730644326354, -0.25787929202072185, 0.031147097845274974, 0.9656749603477908, 379
96, 97, 35, 40, -0.4168238908345432, 0.0730988502530017, 0.1484465221819623, 0.9527712640624525, -0.013736494017480557, 0.3033780267404747, 0.02520902962159056, 0.9991061626293534, -0.03393199996442358, -0.30264074940822855, 0.039977300160911125, 0.9522659251855387, 251
97, 98, 40, 45, -0.39701019585221353, -0.014886724417696383, 0.15475368869192924, 0.9936106349648801, -0.025450040939646666, 0.10995545234711343, 0.024218004606582275, 0.9996282235082532, 0.01252609350952842, -0.11023336308742264, -0.009783158074171464, 0.9938575830975643, 196
98, 99, 45, 50, -0.28388010594190694, -0.02969310940304071, 0.08406002131371666, 0.9777302042898843, -0.007070910748546301, 0.20974663248893238, 0.005565842435313092, 0.9999543615571006, 0.007765062840530348, -0.209791966045524, -0.006424719769624729, 0.977724937780885, 412
99, 100, 50, 56, -0.1280857133949335, -0.009117975433021785, 0.30693796152048475, 0.9998140512838872, 0.007197100562509139, 0.01789034932004229, -0.0074295416019001526, 0.9998884112392658, 0.012960207598727609, -0.017795077040733707, -0.01309071475930985, 0.9997559544309824, 400
100, 101, 56, 60, -0.2897844754013953, 0.041270019975730717, 0.005757542054488676, 0.9861204937698276, -0.010398611073426786, 0.16570528251958372, 0.01094268655534135, 0.9999373165784988, -0.0023707645902566205, -0.16567024288659365, 0.004151120515532275, 0.9861724691048531, 515
101, 102, 60, 65, -0.3317382322691344, -0.04378571973566118, 0.029242526485839436, 0.9657819684473806, 0.2562007319524784, 0.040328332086975144, 0.2562169787886626, -0.9666071118312151, 0.00485295144493362, 0.040224982315883166, 0.005645910407641783, -0.9991746966838961, 481
102, 103, 65, 71, -0.13304853241218856, 0.025856602760677985, 0.002434938139992198, 0.9997139663907357, -0.0006384841240691584, 0.023907692095350652, 0.0006427965386310301, 0.9999997784948189, -0.0001726931465809757, -0.023907576537840397, 0.00018801153226282894, 0.9997141553642975, 649
103, 104, 71, 75, -0.10849514166442104, -0.02569436900408702, -0.04416303038841664, 0.998799769046828, 0.019726701367069305, 0.044831669667513625, -0.01939253200304221, 0.9997809200832, -0.007876645231405806, -0.04497722817730671, 0.006997791849213014, 0.9989635027641007, 772
104, 105, 75, 80, -0.20189658774417002, -0.08200813392369465, 0.09210369297804057, 0.988138765926279, -0.0164054506123866, 0.1526847748267505, 0.012591651806378954, 0.9995849275503195, 0.0259118297117231, -0.1530464948258459, -0.02368192991348166, 0.9879351884699195, 543
105, 106, 80, 85, -0.33942759479353, 0.04881496538354765, 0.13282139092475181, 0.9595545275688494, 0.018221327676174317, 0.2809325396600403, -0.010130324620313484, 0.9994917534639991, -0.030226003383634688, -0.28134051458190257, 0.02615756057391264, 0.9592514252684811, 494
106, 107, 85, 90, -0.3737335474156791, 0.03731177175567224, 0.12692630241706537, 0.9725251027050921, 0.03467250708600537, 0.23020152445373032, -0.031188958299476675, 0.99933752486244, -0.018755273445237575, -0.23069931401858068, 0.011060228486928298, 0.9729622283815403, 373
107, 108, 90, 95, -0.36207535408062963, 0.057096479340088414, -0.2552941593553682, 0.9930541087724738, 0.0015739850053607053, 0.11764803279830392, 0.0012577487743325535, 0.9997113732783063, -0.023991419424939958, -0.11765183856671581, 0.023972749304275034, 0.9927655071428831, 203
108, 109, 95, 100, -0.3957582991631101, -0.030690826432133746, 0.03738118954907873, 0.9959020659060447, 0.002841139110285752, 0.09039360072830521, -0.0027256112728666214, 0.9999953034522663, -0.0014014694426921171, -0.09039715796009004, 0.0011493484961408547, 0.9959051324452409, 206
109, 110, 100, 106, -0.3234921350741801, -0.030665124018989635, 0.02618203669564734, 0.9978562371627752, -0.02477642626105383, 0.06057275507254052, 0.024431737787359305, 0.9996808562809325, 0.00642462248784429, -0.06071260284353769, -0.004930951951921632, 0.9981431087618702, 308
110, 111, 106, 110, -0.04553143556650369, -0.001706483654810631, 0.02477379025990521, 0.99944078537993, 0.014681592134276297, 0.030042759053581544, -0.01484504522951023, 0.9998761549686822, 0.005224878675883813, -0.029962328869475398, -0.0056679429643096725, 0.9995349585038388, 580
111, 112, 110, 115, -0.15522261360725095, 0.007143075960784094, -0.031367428232800615, 0.9968768508681614, 0.004036162430766219, 0.07886858434135757, -0.00427040894918471, 0.9999869571019601, 0.0028016483307845993, -0.07885624775871687, -0.003129699473613392, 0.9968810847692017, 543
112, 113, 115, 120, -0.19479101627386092, 0.1051261033833698, 0.03786496375815003, 0.992181334140111, 0.002234734310909146, 0.1247846390647037, 0.002304446311990684, 0.9993411861504413, -0.03621992808695517, -0.12478337113231104, 0.036224296073058375, 0.9915225215106651, 455
113, 114, 120, 129, -0.4418383906896703, -0.07725456764698045, 0.09572510597340056, 0.9789714620762331, -0.010095373706944908, 0.20374729414164025, 0.0018342418329788089, 0.9991699662091786, 0.04069415415568962, -0.203988999696604, -0.039464693781480216, 0.9781774000392326, 267
114, 115, 129, 130, -0.013226696737190697, -0.0018426875160806274, 0.006610298124142647, 0.9999968846897136, 0.0024952683901479653, 6.516539224203522e-05, -0.002495321972802059, 0.9999965376113954, 0.0008355438186562566, -6.308026053480583e-05, -0.0008357038243131214, 0.9999996488099377, 799
115, 116, 130, 135, -0.041919700733295526, -0.002193066274960719, 0.03423566537933622, 0.9996471055797361, 0.016612518215157253, 0.02072893013657684, -0.01669933706515585, 0.9998524659945989, 0.004022236455464491, -0.020659052438104036, -0.004366976422013333, 0.999777041679438, 643
116, 117, 135, 140, -0.18721921826583135, -0.008619046046652886, 0.03354730051475471, 0.9983635166491719, -0.004266975363356566, 0.05702702469134916, 0.003866280532980708, 0.999967072082243, 0.007134887953316802, -0.05705559130128729, -0.006902729352553719, 0.998347139941186, 515
117, 118, 140, 145, -0.1596754551179222, -0.01651854690975297, 0.01684417200074229, 0.9991741208932843, -0.018817822224068397, 0.036013410056198465, 0.018932855819485478, 0.999816678888851, -0.002855798695108089, -0.03595306812569838, 0.0035352768507945064, 0.9993472262982157, 365
118, 119, 145, 150, -0.14777977914366255, 0.021432137054892636, 0.034899567625355024, 0.9958882499748923, 0.010486308261857445, 0.08998128083653564, -0.011845056567256122, 0.9998235487931431, 0.0145796403797863, -0.08981251692756811, -0.015585525904591113, 0.995836735205833, 512
119, 120, 150, 156, -0.26232095036835557, -0.025431255977676075, 0.026703358003797754, 0.9941757346461051, -0.010844293293053678, 0.10722411083264553, 0.009567188607980384, 0.9998771252734197, 0.012417860407550775, -0.10734559861967588, -0.01131970220175056, 0.9941573249737926, 365
120, 121, 156, 160, -0.18920560292185332, -0.014925406504071568, 0.04854754652405188, 0.9970371070830397, 0.003468868842096552, 0.07684382895483048, -0.003286359739553058, 0.9999914713988822, -0.0025013934437377776, -0.0768518505902441, 0.002241445617112144, 0.9970400037021586, 708
121, 122, 160, 165, -0.1341650235139346, -0.017528299125489383, 0.028335792519443702, 0.99308732617182, 0.002119315833678612, 0.117358728253599, -0.0037769302287342073, 0.9998962049673872, 0.013903743735554272, -0.11731708057632624, -0.014250887418466853, 0.9929922531484494, 709
122, 123, 165, 170, -0.14689313307409, -0.06973349123786808, 0.05648887728047788, 0.997913612368659, 0.020011606791025986, 0.061383693624408694, -0.020714580863224277, 0.9997266937358685, 0.01083715698925823, -0.06115004815202405, -0.012086083964223088, 0.9980554083744124, 828
123, 124, 170, 175, -0.3012951358999749, -0.012314840979292915, 0.05927069023328025, 0.9900242588785071, -0.002319430792715957, 0.14087791549019055, 0.0017965788155881002, 0.9999910192486552, 0.003838453672351418, -0.1408855533283038, -0.003547063973655493, 0.990019534757039, 594
124, 125, 175, 180, -0.3363717981867664, -0.027173730629558177, 0.08718010131017406, 0.9783189752563679, -0.0038277575554033928, 0.20706842087925267, 0.001683509853192678, 0.9999431357559763, 0.010530481901564357, -0.20709695422169908, -0.009953568536058046, 0.9782697879549861, 537
125, 126, 180, 185, -0.4534035242279351, -0.03427996573233878, 0.13362701319486675, 0.9536095531447115, -0.017974974095825987, 0.30050910212071497, 0.014958578976554672, 0.9998120196342806, 0.012335570915986529, -0.3006743438774684, -0.007268129131732447, 0.9536991733417716, 535
126, 127, 185, 194, -0.3653631406728451, -0.020478163932572988, -0.5974415291337972, 0.9964464302108378, 0.0039140674182848445, 0.08413793315932701, -0.0061383215701875235, 0.9996380480959154, 0.026193392435674846, -0.0840049565703074, -0.026616778077622263, 0.9961097903325655, 333
127, 128, 194, 195, -0.03589182122632393, -0.008768159769305896, -0.05482319620767575, 0.9998503399827743, 0.0168747000174099, 0.0038134152216200523, -0.016841713008192313, 0.9998218429343905, -0.008522857163459782, -0.003956556492679126, 0.008457357187765668, 0.9999564084349475, 828
128, 129, 195, 200, -0.33291557125165083, 0.010139683398928628, 0.08972990496065365, 0.9624930709366595, -0.0033495537326562724, 0.27128558547904985, 0.0025992425314572344, 0.9999917390570647, 0.003125020942325253, -0.27129381182987106, -0.002302673971570007, 0.9624938261388479, 500
129, 130, 200, 205, -0.34749853970272193, -0.03334083029427995, 0.14762473016836222, 0.9968968651345642, 0.0016461344848594833, 0.07870152810546911, -0.0016417371605772207, 0.999998645079175, -0.00012057740112181688, -0.07870161995774826, -9.003990100971033e-06, 0.9968982169383966, 397
130, 131, 205, 210, -0.3171366850975168, -0.011457092820328625, 0.01731680184000719, 0.9982138858442957, -0.009390072325995561, 0.058998852949395504, 0.009026684064066695, 0.9999386317657128, 0.006422746867319947, -0.059055542351580684, -0.005878711102506898, 0.9982373884369059, 359
131, 132, 210, 215, -0.2730589732392541, -0.022644987306432978, 0.057129916943598015, 0.9987293882789284, -0.01488671996632009, 0.048145555938654494, 0.014307606414172556, 0.9998213597631416, 0.012350747349040214, -0.04832081732229651, -0.011646206679732703, 0.9987639683545243, 354
132, 133, 215, 220, -0.08590983754996827, -0.008101378582833852, -0.020969385955962146, 0.9996102063435299, -0.0019544372556132665, 0.027849875203662593, 0.0016452027935293582, 0.9999367928559825, 0.011122212039878596, -0.02786985255816555, -0.011072057979695031, 0.9995502392828888, 600
133, 134, 220, 225, -0.10934075111657982, -0.010939631069840893, 0.01878104760004983, 0.9979937023687993, 0.03369332083563379, 0.053603452904487175, -0.03375117379676336, 0.9994302516638426, 0.0001741450236935257, -0.053567044902227655, -0.0019829750920308817, 0.9985622862446925, 488
134, 135, 225, 230, -0.16467948537619476, -0.029984914552323542, 0.022305489392127644, 0.9946451882382681, -0.02472563031022443, 0.1003473603052047, 0.023286665832449645, 0.9996088794273361, 0.015486102299583046, -0.10069101602858266, -0.01306642169024994, 0.9948319395331778, 659
135, 136, 230, 238, 0.08991718356066036, -0.4948558153170672, 0.099519063294117, 0.99891746177651, -0.04394391123621844, 0.01525900466079206, 0.04417466676006408, 0.9989092481504211, -0.015129863720396704, -0.014577495484890764, 0.015787546510583925, 0.9997690983424944, 273
137, 138, 4, 5, -0.06435970485557434, 0.01566216912542181, 0.018086822553604043, 0.9987123453910408, 0.0016607849263681875, 0.050703973778738365, -0.0014621393319370851, 0.9999911116331797, -0.003954592673350865, -0.05071009083112186, 0.00387536424952103, 0.9987058967683293, 921
138, 139, 5, 10, -0.4432809816170189, -0.024480463228194776, 0.2039200117343409, 0.9611550740677892, -0.018479864677034465, 0.2753895753206023, 0.012097515879497771, 0.9996178299108291, 0.0248564726763473, -0.27574367391345234, -0.020559395075810817, 0.9610113098038066, 376
139, 140, 10, 15, -0.4577774349642244, -0.02579461756908668, -0.011708601950305684, 0.996205906436389, -0.018629255280175415, 0.08501025131688068, 0.018214402284190974, 0.9998181224354501, 0.0056531052600334005, -0.08510010300042424, -0.004083245933986272, 0.996364039682264, 309
140, 141, 15, 20, -0.36937910131775914, -0.021592367392800276, 0.06096410327933181, 0.9971048874074304, -0.01862337203299908, 0.07372254419332236, 0.01788788374702492, 0.9997835513297006, 0.010624222589194782, -0.07390444589650065, -0.009274723968525349, 0.9972221980943058, 277
141, 142, 20, 25, -0.3327672562671609, 0.006522752767084368, -0.010498841720525181, 0.9980748520228532, 0.012476787199484295, 0.06075293853583035, -0.013026784424424788, 0.9998775997471923, 0.008665356966287063, -0.06063738654591755, -0.009440090305308705, 0.9981152198258016, 380
142, 143, 25, 30, -0.2962921585475888, 0.012522918961554063, 0.08370532875522982, 0.9966776210181186, -0.015082715560741165, 0.08003893710549309, 0.013904325269375876, 0.9997868827141463, 0.015259714660932141, -0.08025203736022367, -0.014096128689943057, 0.9966749267717585, 435
143, 144, 30, 35, -0.26648700961808663, -0.024225847193556947, 0.03691939699721638, 0.9969881514827242, -0.003714170603689067, 0.0774650291408155, 0.003443324416189756, 0.999987484522559, 0.003629643950776061, -0.07747754074585343, -0.0033519747867830764, 0.996988462794331, 497
144, 145, 35, 40, -0.29113544687239773, 0.013275300400059224, 0.02089700086339475, 0.998151515302325, -0.010836747450005298, 0.05980064719028638, 0.010618312128619627, 0.9999357459819022, 0.00396930159548994, -0.059839819077362855, -0.00332698246487119, 0.9982024480236797, 541
145, 146, 40, 45, -0.13941128157583452, 0.014970346196813313, 0.02321763769334413, 0.9995548073432506, 0.015707712456846122, 0.025366412564063853, -0.015844434102587127, 0.9998609582522048, 0.005197891009971722, -0.02528123859635905, -0.005597493399354017, 0.9996647073107453, 683
146, 147, 45, 50, -0.17198902226768364, -0.008948309728296803, 0.05222601560906499, 0.9972709722645992, 0.004362094208347008, 0.07369925381262832, -0.00442840162626894, 0.9999899234961067, 0.0007363187401805197, -0.07369529929009856, -0.0010606792013551037, 0.9972802403648507, 669
147, 148, 50, 55, -0.2561275109122399, -0.0009968567278642552, -0.0013940421058757473, 0.9978210179846635, -0.022765323399813905, 0.06192702252289825, 0.02277834670635678, 0.9997404168810411, 0.0004957578511996222, -0.06192223340105448, 0.0009159175857611673, 0.9980805569219358, 484
148, 149, 55, 60, -0.27404833284066693, -0.0012879383586302802, -0.044990991329750395, 0.9971622272440009, -0.009645268032895449, 0.07466231554376744, 0.009130357657242436, 0.9999321449277996, 0.007234784664425093, -0.07472703076420427, -0.006532560345176409, 0.9971826294759162, 488
149, 150, 60, 65, -0.3260046183269025, 0.02298867277415134, -0.01995915909862352, 0.9952953522764735, 0.008732634810801141, 0.0964930195719477, -0.008706679825595375, 0.9999618580601781, -0.0006900371373046362, -0.09649536498332789, -0.00015334307116038676, 0.9953334220363733, 490
150, 151, 65, 72, -0.562508335166331, 0.0018355639783277586, -0.08844224118142584, 0.9936971392023328, -0.023081056495668214, 0.10969621858634626, 0.02180229459111312, 0.9996798120828428, 0.012842634643039133, -0.10995751675834618, -0.01037006003145766, 0.9938821893782391, 295
151, 152, 72, 75, -0.26560090968883965, -0.0005497643423013334, 0.0020659000323693436, 0.997838689109873, -0.006650826557644693, 0.06537367223577469, 0.006015914382885319, 0.9999328564604828, 0.00990410747706246, -0.06543515331706777, -0.009489419206652078, 0.9978117014915653, 568
152, 153, 75, 80, -0.3762069785131958, -0.04482777508536828, 0.08910969552889848, 0.9565210274767376, 0.23202130741427918, -0.17673040740238932, 0.2318604137105108, -0.9725035584095953, -0.021853545128090714, -0.17694143819025765, -0.020073409935615138, -0.984016659241458, 519
153, 154, 80, 85, -0.32068816824359847, -0.014352850632084408, 0.07137191142556168, 0.9724398533770239, -0.0025176123881782324, 0.23314028650564758, -0.001911369399904596, 0.9998220161077763, 0.018769197457483493, -0.23314604485405613, -0.018697532833071552, 0.972261962659687, 544
154, 155, 85, 90, -0.31127801942161964, 0.0014326575149854988, 0.08197542067400108, 0.9928702775792152, -0.019551725675967448, 0.11758546646105382, 0.0180905717611009, 0.9997454658605709, 0.013480901475286087, -0.11781911183304847, -0.011257598070709543, 0.9929712600939414, 616
155, 156, 90, 95, -0.30815348736011733, -0.021067099562638494, 0.08005022576476113, 0.9881066451249643, -0.014447717530921033, 0.15308991252866702, 0.012612917818157548, 0.9998365980952301, 0.012949571941580834, -0.15325198910291624, -0.010864647601486735, 0.9881274144909121, 602
156, 157, 95, 101, -0.42345097893191375, -0.02992911202600568, 0.1307249411164322, 0.9869320723413163, -0.02076282536994618, 0.1597935845606197, 0.020744464265970416, 0.9997832201655659, 0.0017832211553248025, -0.15979596924325976, 0.0015549141545820868, 0.9871488390590242, 297
157, 158, 101, 105, -0.337748599430116, -0.03397506653595578, 0.07388025448706038, 0.9953125271193032, -0.022772637665382223, 0.09399138435595424, 0.022204383737464656, 0.9997283305113581, 0.007087348997512812, -0.09412724739535669, -0.004967106475035542, 0.9955477834594572, 327
158, 159, 105, 111, -0.49578608704157734, -0.01266606943500284, -0.08951468685012942, 0.9979790725004118, -0.002101866701934306, 0.06350868450522959, 0.0015254421301138228, 0.9999572170503985, 0.00912343658551663, -0.06352514366394744, -0.009008119958657579, 0.9979395822880687, 189
159, 160, 111, 115, -0.3055898092543638, -0.028692364193124528, 0.04059799270471251, 0.997357916874538, -0.019805857559947397, 0.06989215731394338, 0.01942295438325075, 0.9997924176738607, 0.00615389347339947, -0.06999953207492261, -0.004780122192039677, 0.9975355712660681, 400
160, 161, 115, 121, -0.27813721588736423, -0.017433581892999383, 0.07918769098500301, 0.997175000183453, -0.005360470032853348, 0.07492185509020265, 0.005407797790983526, 0.9999852858007292, -0.0004288415622985842, -0.07491845388275355, 0.0008327923274170446, 0.9971893158897948, 410
161, 162, 121, 127, -0.05000249478042342, 0.0020233846375252084, 0.00817376449463958, 0.9998853133082015, 0.0052068806581267, 0.014221414288737076, -0.0052868563614617845, 0.9999703899273759, 0.0055918170843519, -0.01419187726740665, -0.005666362351950478, 0.9998832346615895, 550
162, 163, 127, 130, -0.043885144338646105, -0.015008701977608917, -0.00040922681934974663, 0.9986442705514285, 0.02914367517132924, 0.043130813721901654, -0.02867204178815671, 0.9995225616320313, -0.011513592325590821, -0.04344576981138125, 0.0102613345160246, 0.9990030881330881, 588
163, 164, 130, 135, -0.1804349373379259, -0.019768730912772092, 0.06495098633874546, 0.9962879438415568, -0.011338374253400414, 0.08533331251775253, 0.011164403034300758, 0.9999345115771785, 0.0025156831670688122, -0.08535624793095276, -0.001553649316675984, 0.9963492846953574, 417
164, 165, 135, 140, -0.2823007959897274, -0.03348470826432729, 0.08812115883367103, 0.996124317833587, -0.023285766461610343, 0.08481813780593343, 0.0234061544970676, 0.9997259480659163, -0.00042508277305770094, -0.0847849948530421, 0.002408701724973868, 0.9963963582850801, 410
165, 166, 140, 145, -0.320073306337569, -0.02832845300340274, 0.1803396723604932, 0.9901298713243334, -0.004921072864701698, 0.14006648761612764, 0.004363377101531519, 0.9999812848128113, 0.004288468769692616, -0.14008497011288756, -0.0036349781263576918, 0.990132813355104, 330
166, 167, 145, 150, -0.29977489120110246, -0.014379975182921015, 0.1093437170497605, 0.9957967018540029, -0.008702208419571133, 0.09117675221958801, 0.008893683029023852, 0.9999590156353025, -0.0016939456472090117, -0.09115827433024938, 0.002497722622467526, 0.9958332844421459, 400
167, 168, 150, 155, -0.19305783101714624, -0.00871472455252379, -0.0034091466597290314, 0.9985667071748251, -0.023965494342105317, 0.047855892040225355, 0.023674497225345197, 0.9996976795209651, 0.006638353826441852, -0.04800051565508755, -0.005495874938209121, 0.9988321910388698, 601
168, 169, 155, 162, -0.07222465698477777, -0.005848075520038213, -0.009417021446797609, 0.9995212618657167, -0.0007804377693835082, 0.03092956506731744, 0.0006617849360790181, 0.9999923840634302, 0.003846278179664912, -0.03093233129047553, -0.003823968099384362, 0.9995141660571454, 841
169, 170, 162, 165, -0.02341621151172684, -0.0028038920972675973, 0.0016654230267375764, 0.999676520792817, 0.025409712820634704, -0.0010955683188717971, -0.02541211029898874, 0.9996745663050203, -0.002232965074025151, 0.0010384727827559787, 0.0022600834592126076, 0.9999969067937347, 1077
170, 171, 165, 170, -0.16173953998049767, 0.0070868896178592775, -0.14000617481083344, 0.9954922771544203, -0.02037737090470477, 0.0926276896015318, 0.019488371468784807, 0.9997550299664484, 0.010492065300988477, -0.09281879929949674, -0.008639607155283988, 0.9956455331516344, 689
171, 172, 170, 175, -0.24969082545068805, -0.0010195615107361725, 0.010002674286136897, 0.9994197137230127, 0.002104829074438175, 0.03399713982644069, 0.0021076058737002135, -0.9999977779455749, -4.5840960412718485e-05, 0.03399696779555944, 0.00011746693111814576, -0.9994219291081359, 573
172, 173, 175, 180, -0.28377361585839705, -0.020722300341530143, 0.08155197772773076, 0.9796443497138745, 0.0034888380735585986, 0.20071067754999128, -0.007083613184903211, 0.9998270650906302, 0.01719483458784626, -0.20061597767358108, -0.018266579350092058, 0.9794996485864199, 441
173, 174, 180, 185, -0.19964265505062848, -0.018795465823435338, 0.04011487665836174, 0.9881885472437424, -0.011472107723300342, 0.1528129112368676, 0.009815777645662856, 0.999884666391655, 0.011588978559809969, -0.15292823678285417, -0.009952118328969514, 0.9881871835514026, 623
174, 175, 185, 191, -0.07041045460340628, -0.004980067712249872, 0.0005345756313863321, 0.99745373504039, 0.0016507746319005204, 0.07129741507999957, -0.002164512402587591, 0.9999722464481852, 0.007128900295902393, -0.07128366811573315, -0.007265072366091458, 0.9974296252786367, 750
175, 176, 191, 195, 0.03350801157048285, -0.05216127769606732, 0.18827417113678363, 0.9998642589305079, -0.007305000505489958, 0.01476823215422826, 0.007354595130145844, 0.9999674873724247, -0.0033066793843773024, -0.01474359670562196, 0.0034148449004634145, 0.9998854760373748, 554
177, 178, 4, 5, -0.0545248064976118, 0.005861570876612892, 0.016449568761045117, 0.9999527240629991, -0.0054541215111390375, 0.008049981212974917, 0.005468114349034311, 0.999983575236982, -0.0017172599479765584, -0.008040482849518606, 0.0017611969806835626, 0.9999661238365738, 782
178, 179, 5, 10, -0.3092174452984405, 0.019444660174738133, -0.03612417496500665, 0.9987477256031567, 0.007080203594807067, 0.049526268985029834, -0.007636322543100769, 0.9999098036969424, 0.011048576775302124, -0.049443575725661534, -0.011412939489811001, 0.9987117089689409, 380
179, 180, 10, 15, -0.2680820361509832, -0.01327587364611088, -0.04595890727310019, 0.9987728030579013, 0.014673374051967964, 0.047303065078212456, -0.014341777635012126, 0.9998701969105404, -0.0073418488369728745, -0.04740465468844159, 0.006654428901724484, 0.998853601530205, 382
180, 181, 15, 20, -0.29657008326811257, -0.02044288933998098, 0.11118006290805384, 0.9952792409009661, -0.008428584234715781, 0.09668604655995926, 0.00781320193889849, 0.999946750999235, 0.00674159043073638, -0.09673772018741385, -0.00595433739992215, 0.9952920975065912, 351
181, 182, 20, 25, -0.315961181708315, -0.0092542509447226, -0.004414488648294145, 0.9955908225066223, -0.0028134882161266568, 0.09376032436294718, 0.0018646540794190081, 0.9999461803427531, 0.010205855334202077, -0.09378399226814493, -0.00998602533525067, 0.9955424863320763, 431
182, 183, 25, 30, -0.3246787295305188, 0.005182217911129743, 0.016553052968893835, 0.9982413117526884, -0.015055995642513748, 0.05733760114867551, 0.014910167792617182, 0.9998844254170325, 0.0029703038307973737, -0.057375695260867624, -0.002110166738406279, 0.998350427850696, 429
183, 184, 30, 35, -0.27819925298024467, -0.009458113320328225, 0.045831905678427286, 0.9913874452539305, -0.020055831474977866, 0.12941675709401745, 0.01915702131254574, 0.9997829727101851, 0.008186330876288284, -0.1295528537984217, -0.00563658607959592, 0.9915564971145375, 478
184, 185, 35, 40, -0.25078611691807673, -8.730801046481532e-05, 0.05649369018756506, 0.9925487173157191, -0.017092980461960307, 0.12064358156921445, 0.01726593121076665, 0.9998508572969032, -0.00038830667365956644, -0.12061895114096183, 0.002468437071261096, 0.9926958121419065, 455
185, 186, 40, 45, -0.18330105702038407, -0.028429894787617226, 0.07026261198902595, 0.9937718509641806, 0.009750765216605726, 0.11100644489811033, -0.008579252416225409, 0.9999024034421957, -0.011026332957939205, -0.11110312623506695, 0.010005307002349183, 0.9937585165283281, 520
186, 187, 45, 50, -0.2766579345242979, 0.014918743004141467, 0.14144945730769526, 0.988434564788791, -0.006477758330796736, 0.15150956992151055, 0.003036217472738381, 0.9997323401572669, 0.02293533141537197, -0.15161758642799833, -0.02221005832235697, 0.9881896684316558, 406
187, 188, 50, 55, -0.3438732822766343, -0.006228575232597069, -0.00044687307627749347, 0.9990601893392433, -0.014572544980647816, 0.04082130583681022, 0.014197258335802836, 0.9998543842015065, 0.009468275913420598, -0.04095333848640276, -0.008879826902207935, 0.99912160057773, 381
188, 189, 55, 61, -0.4565915458862494, -0.012772230835056547, -0.0016441018494784223, 0.9981604580837199, 0.02201929616297492, 0.056487613815645314, -0.02237160648185334, 0.9997339723519106, 0.005612107348452623, -0.056349011894791884, -0.006865502309127799, 0.9983875268334055, 296
189, 190, 61, 65, -0.33514974659142327, -0.012012766934433466, -0.010487800790912627, 0.9967997366893718, -0.015184299742453916, 0.07848389629299744, 0.015145175556444823, 0.9998847070333022, 0.0010937542192081878, -0.07849145554366366, 9.839847000161284e-05, 0.9969147815758266, 404
190, 191, 65, 70, -0.35016926236402823, 0.010187659935059348, -0.07436954808771579, 0.9983660758551111, -0.015927302940456963, 0.05487713187393807, 0.01584131868110307, 0.9998725151582536, 0.002001512815781535, -0.05490201457242164, -0.0011289163613455806, 0.9984911087955358, 395
191, 192, 70, 75, -0.16471296687700232, 0.01125977373006362, 0.0061570121245131774, 0.9997461383264925, 0.0030253727231348095, -0.022327248400820402, -0.0030436361030776174, 0.9999950607608927, -0.0007840491632966741, 0.02232476608024965, 0.0008518061425782219, 0.9997504084749141, 529
192, 193, 75, 80, -0.02609853486333605, 0.004335467787592514, -0.0018328295857798532, 0.9999326293249191, 0.010759520000229726, 0.004355403622946963, -0.010785599766867701, 0.9999237762042523, 0.006009377596483934, -0.004290413619112614, -0.0060559483809594075, 0.9999724585408261, 625
193, 194, 80, 85, -0.21020406929807528, -0.005885742641173858, 0.007241659883342485, 0.9994103730254166, 0.0005051488407845858, 0.03433148866341354, -0.0008078909094024852, 0.9999609097251734, 0.008804903967795107, -0.03432569884905393, -0.008827448456503939, 0.9993717139044269, 460
194, 195, 85, 90, -0.31499884536209766, -0.007813480601034189, -0.0023699446573628344, 0.9988906394369076, 0.007552141678747691, 0.04648070138660174, -0.007805467476662826, 0.9999556444164807, 0.005271041366894191, -0.04643883205677197, -0.005627997484443058, 0.998905281055976, 476
195, 196, 90, 95, -0.42615751632877524, 0.005887602605683847, -0.018605425139618065, 0.9988714627280028, -0.0011340126182520988, 0.0474817329401755, 0.0008020146233132668, 0.9999751039045064, 0.007010587972154991, -0.04748850092563981, -0.006964595218171086, 0.9988475042233838, 477
196, 197, 95, 100, -0.4990091260344755, 0.03888806162846072, -0.10234815335935832, 0.9961930785429776, -0.026052440502338122, 0.08319026750129571, 0.02628909308007181, 0.9996528495870662, -0.0017503992360386601, -0.08311578579362848, 0.003930732289326394, 0.9965321447377287, 456
197, 198, 100, 105, -0.20593592045179449, -0.018709245034216202, 0.03789996467480417, 0.9992749287522646, -0.007148064908322992, 0.03739681718037857, 0.006803262393387025, 0.9999332447946113, 0.009339249184295535, -0.037461078307531134, -0.009078057203281198, 0.9992568521103325, 595
198, 199, 105, 110, -0.20971674656817943, 0.0023651633963728187, -0.007254926981212721, 0.998960956883381, 0.01664514480282316, 0.04242576784375962, -0.016547649539945565, 0.9998595713299522, -0.0026481908139957626, -0.04246388956917008, 0.001943392491817383, 0.9990961121475149, 490
199, 200, 110, 115, -0.2394135965798665, -0.018079121186003157, -0.0009051782200872206, 0.9988372693366452, -0.014944027062116448, 0.04583432599352787, 0.01499361324372085, 0.99988731693542, -0.0007382368075827345, -0.04581812901038307, 0.001424600594243281, 0.9989487822541928, 648
200, 201, 115, 124, -0.19204676701473125, -0.0244258412194756, -0.013024365228754895, 0.9991368660776639, -0.009944756420881697, 0.04033143518688444, 0.009558949473857756, 0.9999068019961278, 0.009747502594628385, -0.040424612916647194, -0.009353563043321323, 0.9991388099403073, 632
201, 202, 124, 125, 0.011258766559378701, 0.0002691945017318136, -0.000574903321219409, 0.9998169982830206, 0.01896680402654863, 0.002496054756731865, -0.01896347300882267, 0.9998192637590133, -0.0013514835656630536, -0.0025212369531115377, 0.0013039023748422545, 0.9999959715932973, 1045
202, 203, 125, 130, -0.044592060285578994, -0.002755923451315143, 0.001016551487035439, 0.9996759584361644, 0.019782734251910544, 0.016019411670046658, -0.019908559184827927, 0.9997718950351424, 0.007733509489517057, -0.015862767599645014, -0.008049926916345828, 0.9998417731224882, 637
203, 204, 130, 135, -0.18585282978920614, -0.010843073010807757, 0.007180252205141684, 0.9992480360579918, -0.0056959509929527955, 0.03835255632330344, 0.005695332797314239, 0.9999837736010574, 0.00012537510475760753, -0.03835264812987658, 9.314974469070894e-05, 0.9992642621972183, 750
204, 205, 135, 140, -0.381797825545418, 0.0097214409177897, -0.2213809393539234, 0.9975509111105173, 0.006774517852787077, 0.06961526880246222, -0.006930178111776743, 0.9999739964998865, 0.001994731907790025, -0.06959994521489134, -0.0024722928441373187, 0.9975719199106282, 507
205, 206, 140, 145, -0.37916839534360003, 0.004067072602228905, -0.19822480601534262, 0.997154791904309, -0.02614033205083061, 0.07070363514379353, 0.02593803110633941, 0.9996564135903057, 0.003778003453433841, -0.07077810060040415, -0.0019333411597314233, 0.9974902118153135, 416
206, 207, 145, 150, -0.3308008339218281, -0.020793210321276036, -0.06335470141520472, 0.9990238893756638, 0.01956327958463154, 0.039604880363604204, -0.019254497634169802, 0.9997812903091068, -0.008163079609626426, -0.03975591500113669, 0.007392539465629497, 0.9991820742901022, 378
207, 208, 150, 155, -0.37063586717601016, -0.0244470931270802, -0.02927079331946341, 0.9988248311297362, -0.006181863817790882, 0.048070170359508446, 0.0061795377815982355, 0.9999808870690068, 0.000197001238400703, -0.04807046943248747, 0.00010028170522658585, 0.9988439417206872, 347
208, 209, 155, 160, -0.488693827351114, -0.003195045946469818, -0.0928170236486959, 0.9978676918337532, -0.02777715358217236, 0.05906351947903419, 0.027897744730813946, 0.9996100401815625, -0.0012179520308702619, -0.05900665583908476, 0.0028630939711384107, 0.9982534834698051, 325
209, 210, 160, 166, -0.4472302177582823, -0.021919673817649546, -0.0038833303203156646, 0.9983473976294971, 0.01464493319541523, 0.05556977216178544, -0.014594794183814241, 0.9998926347772534, -0.0013080141185378008, -0.05558296168020395, 0.0004948231037619222, 0.9984539496245948, 240
210, 211, 166, 170, -0.33661110721980825, -0.03686892344839776, -0.0025294157613337765, 0.9990484956502872, -0.004735617665455409, 0.0433552449448162, 0.0046026980278887734, 0.9999843984211371, 0.00316513588662111, -0.04336955740796178, -0.002962573145651498, 0.9990547055344837, 282
211, 212, 170, 175, -0.2612570372616886, -0.018035407000427158, -0.036458968370967654, 0.9989334791425022, -0.01061601029774066, 0.04493556023478852, 0.01028251898380587, 0.9999178993488114, 0.0076461993963067255, -0.04501304312756159, -0.0071759938140063765, 0.998960625380789, 381
212, 213, 175, 180, -0.1300302595566878, -0.026704237118027288, 0.0022887589469530517, 0.9999203514336459, -0.0015184927883828748, -0.01252936424826742, 0.0014056710472193572, 0.9999584347835943, -0.009008484559096284, 0.012542522781368309, 0.008990154881652, 0.9998809240291979, 469
213, 214, 180, 185, 0.1086849047636211, -0.675510826471106, 0.10480179890911161, 0.9999331650562212, -0.0015429807597885353, 0.01145795055947206, 0.00144599426911583, 0.9999631001560734, 0.008468023785280668, -0.011470593760658428, -0.008450889694543655, 0.99989849881983, 279
214, 215, 185, 190, 0.04217355289956355, -0.793659027163593, -0.01459744499834664, 0.9989798405639365, 0.039906203913075255, 0.021137006318303456, -0.04320617726004745, 0.9807641846782049, 0.19035451215841845, -0.013134092790341076, -0.19107356944837983, 0.9814878433606958, 182
215, 216, 190, 196, 0.004000196807246091, -0.09916797408121723, -0.019288670407982326, 0.999620411969543, 0.021815944130463824, -0.016825473411986622, -0.021961870003315256, 0.999722355641828, -0.0085374408291695, 0.016634549582074755, 0.0089037189786383, 0.9998219919308391, 258
4, 98, 21, 45, -0.14601713062691704, 0.15272497727298073, 0.08942371999391477, 0.9820733934026494, 0.009928542092267425, 0.18823728117067132, 0.009264982936006631, 0.9948624334179025, -0.1008112030729009, -0.18827110787850648, 0.10074801549277285, 0.9769359381824728, 573
5, 98, 28, 45, -0.12691576072345673, 0.10474069836885717, 0.06693009908397585, 0.9869054717972726, 0.012463106613468927, 0.1608174763828376, -0.002780989222545653, 0.9981769816855974, -0.06029078977733248, -0.1612757137189206, 0.05905407866161126, 0.9851409848127735, 760
6, 98, 30, 45, -0.14631045876645726, -0.003724730141679497, -0.018964520498814846, 0.9997631085148176, 0.013701684848472362, 0.01691125912230999, -0.013613932820890552, 0.999893315548973, -0.005293236593050382, -0.01698198121354075, 0.005061753924765067, 0.9998429831534891, 566
7, 98, 35, 45, 0.09741164077947802, -0.06521038087222103, 0.06040717718045539, 0.9940007681398125, 0.02219990822892803, 0.10709639121879999, -0.02107557121880523, 0.9997103685487666, -0.011618920513116504, -0.10732331170470014, 0.009292098294583955, 0.9941807500017389, 703
8, 98, 40, 45, 0.10976913965335215, -0.14517221942272301, 0.06861051042623607, 0.9967169110165702, 0.01646107047374842, 0.07927441234373349, -0.018025157513978707, 0.9996559415111133, 0.019054980926938303, -0.078933471925301, -0.020421355498301284, 0.9966706954904558, 623
9, 98, 49, 45, -0.08160228589179842, -0.22305265597177126, 0.07010474243973734, 0.9862449540065963, -0.005584539064924053, 0.1651959552167025, -0.018802598806049634, 0.9891511332152945, 0.14569316365923837, -0.16421739546913164, -0.14679526076250304, 0.9754403100359365, 501
10, 98, 50, 45, -0.08314386957599938, -0.23055000062066983, 0.05800780513061331, 0.9860619417742147, -0.006829396557350157, 0.16623840208305501, -0.021477761633565916, 0.9855722500417982, 0.16788700278091598, -0.16498652290316645, -0.16911741273508735, 0.9716886064836374, 547
15, 149, 75, 60, 0.00882184705887501, -0.019830636915463093, 0.07160627219980147, 0.9950615028235869, -0.014033426585059277, 0.09826326137853798, 0.011987006575646499, 0.9996994428263711, 0.021385408249521305, -0.09853383820708769, -0.020101914110975793, 0.994930648727465, 591
16, 149, 80, 60, 0.1895261016720788, 0.01833232143694867, 0.004517164871171284, 0.9998327773967509, -0.013337874974040409, 0.012510728766778207, 0.01302185083570929, 0.9996023767809402, 0.025010392534065215, -0.012839339699204227, -0.024843297387270313, 0.9996089044876582, 559
20, 199, 101, 110, 0.08630546373507889, -0.023148256596327837, 0.24175899612142937, 0.9965331279944454, 0.020674452395264498, 0.08058716912612682, -0.022936344790426538, 0.9993656522114974, 0.027243664723069935, -0.0799728009842193, -0.028997589521274417, 0.9963751757770228, 581
21, 198, 105, 105, 0.14018149757409534, 0.02090955406987197, -0.00806980190392085, 0.9999649913251454, 0.0049421848284131285, -0.006752105836233717, -0.0048576968644946745, 0.9999104164024478, 0.012472447677017849, 0.006813142099984356, -0.012439211349803055, 0.9998994184995412, 586
21, 199, 105, 110, -0.19712966611313906, 0.018026534343368136, -0.05273801382871233, 0.9989512947276362, 0.021100229766322455, 0.040633619895202186, -0.021282314864835568, 0.9997652875302251, 0.004053754259949088, -0.04053854753161978, -0.004914280559191589, 0.9991658901356731, 660
22, 197, 110, 100, 0.20875589328274102, 0.04555334098608648, -0.024543004536143772, 0.9981724909186132, -0.016281165217419798, -0.058194518921410414, 0.015470347037631272, 0.9997772562485397, -0.014356401034975359, 0.05841529539312954, 0.013429875178304811, 0.9982020295094719, 565
22, 198, 110, 105, 0.07808817816150855, 0.0175151541151088, -0.010502517281687586, 0.9997838486022215, -0.02047140254841398, -0.0036301173302542484, 0.020494897700575502, 0.9997684509447922, 0.006557717872356787, 0.003495031097652728, -0.006630699295797033, 0.9999719088976824, 692
22, 199, 110, 110, -0.2044202504622939, 0.04063158028250776, -0.06396223676285918, 0.9990867955434649, -0.0029646323884881132, 0.042623771835582594, 0.003048592946850862, 0.9999935386215624, -0.0019049399387386836, -0.04261784898062189, 0.002033142869283413, 0.9990893780229765, 804
23, 198, 115, 105, 0.1272739357128396, 0.025401578223468595, -0.010988093396524113, 0.9997867141135142, -0.010341703841179425, -0.017876673173837135, 0.010177504047335416, 0.9999054063912896, -0.0092518474283075, 0.01797066202089744, 0.009067934226247625, 0.999797393412985, 672
23, 199, 115, 110, -0.14945131301165943, 0.047561083507314666, -0.041307773413294405, 0.9993779142447012, 0.008283080561086318, 0.034280826949315724, -0.007848983151974586, 0.999887548673439, -0.01277824210526332, -0.034382815233636045, 0.01250122330971125, 0.9993305466322797, 776
24, 198, 124, 105, 0.10698286618657182, 0.0010077609949506788, 0.011954405536187788, 0.999248781918685, -0.028170883858688715, -0.026613401448225073, 0.02737348034359414, 0.999179016606608, -0.029866123734600142, 0.027432907390631058, 0.02911518634101283, 0.9991995503984303, 526
24, 199, 124, 110, -0.13545748113133732, 0.03723055461189325, -0.012733374755678725, 0.9999451592529268, -0.009157851577495746, 0.005080574881178897, 0.009188530085975376, 0.9999394928062924, -0.0060482758827369, -0.005024878257016177, 0.006094627205918644, 0.9999688025722219, 604
35, 209, 35, 160, -0.14206432012241366, 0.01566437563965058, 0.00015248333952806126, 0.9716614928503203, -0.2359513808432763, 0.014173538373957462, -0.23607793827588175, -0.9717010469965596, 0.008017625907890171, 0.011880672173568856, -0.011136478076174017, -0.9998674054517244, 601
36, 209, 40, 160, -0.09271191933088457, 0.020826427534310424, 0.003830355044175497, 0.999911855299469, -0.0014064345883672035, 0.013202407860808417, 0.001431701225747163, 0.9999971614871767, -0.0019045338510013938, -0.013199691783321754, 0.0019232678799525023, 0.9999110306309694, 664
37, 209, 45, 160, -0.13312962992832167, 0.020719313994576712, 0.003638098002191007, 0.9997293282122949, -0.008969890496046039, 0.021466517572319523, 0.009141997871925447, 0.9999267444490304, -0.007932818570547272, -0.021393788516844564, 0.008126918238326928, 0.9997380952093624, 544
40, 121, 4, 160, 0.14061987537181994, -0.2315155897788491, 0.08157721905119049, 0.9980645546290584, -0.0013414547973460195, 0.062171901146147915, 0.0014262875424243897, 0.9999981114830971, -0.0013201265411495577, -0.06217001284337926, 0.0014062465164392014, 0.9980645830675436, 634
41, 121, 5, 160, 0.111985812247341, -0.2612118543879226, 0.008546613559974417, 0.999327572071283, -0.006396646666568069, 0.03610383095375217, 0.005187929586847196, 0.9994261282374722, 0.03347386417577619, -0.036297232466345905, -0.03326405128181879, 0.998787271548654, 597
43, 121, 15, 160, -0.189203089322495, -0.060501163205709294, 0.02571690579073174, 0.9997268128327332, 0.022713912031738878, 0.005511615327600921, -0.022621864722078326, 0.9996124306800466, -0.016224662290014815, -0.005878004746596568, 0.016095546904142825, 0.9998531804370356, 697
43, 122, 15, 165, -0.203772964911898, -0.04727532880136467, 0.19796209787021984, 0.9974266865747288, 0.04067198632879714, 0.05904061683814398, -0.041975713280556, 0.9988976661730495, 0.02101171122548936, -0.05812094633733151, -0.023435913511210445, 0.9980344250349024, 569
52, 121, 60, 160, 0.013622070489362148, 0.1673591719984389, 0.008759214827542104, 0.9964020752386431, 0.004367302768982319, 0.08463941827924909, -0.00046889831405635073, 0.9989402141338705, -0.0460242188477805, -0.08475072031845356, 0.04581893989063211, 0.9953481502232281, 503
53, 120, 65, 156, 0.17562934688976706, -0.14238752530267515, 0.016031199602118393, 0.9998327493557617, 0.0005796451185273193, 0.018279423602358937, -0.0001277384570832121, 0.9996945633479567, -0.02471363379645105, -0.018288165533603146, 0.024707165439909414, 0.9995274378311686, 502
53, 121, 65, 160, 0.09913208500913541, -0.2293512198507672, -0.04279186644445402, 0.9981172222083049, -0.00290443167182323, 0.0612664264327663, 0.0014417926932322868, 0.9997132157840176, 0.023904129781439788, -0.06131828410031846, -0.02377079013078541, 0.9978351655316375, 582
54, 167, 70, 150, 0.12246397889054952, -0.0047168302822524705, 0.0329794283984935, 0.9997856417945122, 0.01841525140084347, 0.009463032145088038, -0.01832957086732429, 0.9997909263834538, -0.009062579827787059, -0.00962794336060294, 0.008887183871115069, 0.9999141566502026, 657
54, 168, 70, 155, -0.17429144357546442, -0.025645335569309032, 0.14336892488184505, 0.9966719356626675, 0.000703664220338869, 0.08151415532958832, -0.0004015212435212202, 0.9999929891322699, -0.003722964812987049, -0.08151620356175966, 0.0036778448815510795, 0.9966652306636894, 612
56, 180, 80, 15, -0.15133454874633864, 0.015378324915840928, -0.019989116195697113, 0.9997934582045335, 0.017160028572683218, 0.010889185038577226, -0.017304818315236, 0.9997612020635249, 0.013344740970599192, -0.010657588587309577, -0.013530420092532537, 0.9998516607665476, 551
57, 180, 89, 15, -0.17407005782161816, -0.06949923482667338, -0.0184882847307857, 0.6984440732199049, 0.7054804158368819, 0.12030486047790621, 0.7139269772576653, -0.6985403806320062, -0.04847275286410739, 0.0498412251827881, 0.1197443923409858, -0.9915528895501071, 534
59, 120, 95, 156, 0.30593569162758655, 0.080191068926127, -0.17862896328571054, 0.9999928439384054, -0.0014485265313153878, 0.003494830878407838, 0.0014418261593696937, 0.9999971193188575, 0.0019189818426110382, -0.003497600507026128, -0.0019139291716773934, 0.9999920518013226, 612
59, 121, 95, 160, -0.36130585099290036, -0.06767594820318241, 0.15625914596511226, 0.9987057157817181, -0.03251396294124772, 0.03911183297649021, 0.03230533981706695, 0.9994603093705658, 0.0059544111544638165, -0.03928432619034621, -0.004683183398903424, 0.9992170982869654, 545
75, 129, 75, 200, 0.08939045283664347, 0.0233272365839018, -0.02279990182158926, 0.9996602103038525, 0.008296898388051673, 0.0247108359307456, -0.008596531919511473, 0.9998905130971759, 0.012044146180755564, -0.024608201360820835, -0.01225248119382098, 0.9996220851553754, 575
75, 130, 75, 205, -0.2757164347021203, 0.024883885089824396, -0.17745559421180854, 0.993234927839073, -0.0012091582898676487, 0.1161159595264208, -0.00137373076314707, 0.9997534611979342, 0.022161445948784355, -0.11611412913294253, -0.022171034233444183, 0.9929883958318537, 586
76, 130, 81, 205, -0.20708308126469996, -0.24247093060845687, 0.039619938714162715, -0.11072782375790698, 0.9920239993031083, 0.06023067202434474, 0.9911789698672562, 0.11466796696748671, -0.06644928174501959, -0.0728258109376305, 0.052341591093600454, -0.9959702601499036, 506
78, 139, 93, 10, 0.07095656148419253, 0.001914130075815935, -0.010151486241349865, 0.9992581380442359, -0.02071637561791821, 0.032465448304684535, 0.020872072409716808, 0.9997721878364388, -0.0044641933273333765, -0.03236557037486509, 0.005138502699969224, 0.9994628885778161, 537
79, 139, 95, 10, 0.10610754610095502, -0.02500919494112689, -0.014834028407720681, 0.9997244961971959, -0.016901970631423666, 0.01628665380109731, 0.01726904679143077, 0.9995938931569768, -0.022667791824385906, -0.01589690932784356, 0.02294280174810447, 0.9996103821598541, 513
98, 4, 45, 21, 0.15245444276574555, -0.1647461340013653, -0.04752764489947814, 0.9866442756034473, 0.006729425971026886, -0.16275069353170016, 0.0069021013602341644, 0.9965217388259213, 0.08304688461450681, 0.16274346197547337, -0.08306105509480653, 0.9831660219468404, 605
98, 5, 45, 28, 0.11418044047107875, -0.12294519926684941, -0.05835381195145351, 0.9905125759524441, -0.00926002346172644, -0.137109769329329, 0.017250271809889153, 0.9982135097816399, 0.05720329546368105, 0.13633512020949853, -0.059025764331421655, 0.988902772846023, 730
98, 6, 45, 30, 0.14582428477269777, -0.017847311904157417, 0.014036681415362084, 0.9998047393079899, 0.01586863048857288, -0.0117758152031807, -0.015733627024327543, 0.9998104292459629, 0.011469897630903418, 0.011955594420258562, -0.011282381726440551, 0.9998648766831632, 625
98, 7, 45, 35, -0.0835435632111302, 0.06491842312546647, -0.0787179774425888, 0.993313184575251, -0.016101870309046386, -0.11432255736084687, 0.017557910654465325, 0.9997769130764933, 0.011740692172426922, 0.11410800639053902, -0.01366944957884304, 0.9933743045930814, 703
98, 8, 45, 40, -0.08232538520099093, 0.14068474003901604, -0.1061224496747411, 0.9943501879151115, -0.017099016299538472, -0.10476319694802307, 0.017336529533399234, 0.9998487903838712, 0.0013568756932297909, 0.10472415450563306, -0.0031654398584432504, 0.9944962702059688, 602
98, 10, 45, 50, 0.08551495952672158, 0.236563899468503, 0.012482966623844516, -0.7573359115048459, 0.6366235378544026, -0.14543998141800066, 0.6519486104782342, 0.7498817726301572, -0.11242925052028423, 0.03748768385248463, -0.1799661027160317, -0.9829582266976451, 538
120, 43, 156, 15, -0.20369019521928564, -0.05566646394131596, 0.034131415823227415, 0.9946051135410846, -0.0013602123423098118, -0.1037247219341181, -0.001460355719595555, 0.9996313345407545, -0.027112033591056017, 0.10372336033458676, 0.027117242239102054, 0.994236450596259, 540
120, 53, 156, 65, -0.17728035501363046, 0.14103015029323554, 0.007684181539863788, 0.9998918991579802, 0.0035838921010382142, -0.01425993392886014, -0.003281775487643367, 0.9997708495621239, 0.02115368326030545, 0.014332478777100685, -0.021104598627710087, 0.9996745350207072, 503
120, 59, 156, 95, -0.3048654994084909, -0.07360559347601207, 0.18323429087140816, 0.9999943001450783, 0.0024846181870697894, -0.002286121129645263, -0.0024935016048566777, 0.9999893204743293, -0.0038911935232760755, 0.0022764285847586066, 0.00389687179074309, 0.9999898160797164, 646
121, 40, 160, 4, -0.12772092538378127, 0.24432942049011266, -0.06339368920039835, 0.9986422494766257, -1.6382328448431874e-05, -0.05209277581281487, -0.0012694284837697434, 0.9996953388261729, -0.024649910355792597, 0.05207730898951524, 0.024682569980521842, 0.998337981160472, 678
121, 41, 160, 5, -0.1012189394786891, 0.26547179753364475, -0.011178131591752771, 0.9990475619479344, 0.0012419073106135082, -0.04361681593284881, -0.002658016193657529, 0.9994706672381422, -0.032424069461700664, 0.043553460434304164, 0.03250912174720817, 0.9985220343524837, 571
121, 43, 160, 15, 0.18629732306854133, 0.07039717518291407, -0.021379994051236986, 0.9996202021589208, -0.016495456360740592, -0.022076035767541028, 0.01687723854042489, 0.9997092582616138, 0.01722085262880718, 0.021785551519491984, -0.01758689470783293, 0.9996079685954523, 751
121, 52, 160, 60, 0.00039575516177978344, -0.1680294168095698, 0.006110283569771859, 0.995294575700603, 0.0004728498169585209, -0.09689418968135889, 0.010576790354861353, 0.9934825224418814, 0.11349277117202644, 0.09631634901067337, -0.11398356905961203, 0.9888027644063736, 558
121, 53, 160, 65, -0.06621760023561747, 0.2422553677202552, -0.03446537956926152, 0.9951647490544625, -0.014294501942391395, -0.09717401634998543, 0.017082671151262004, 0.9994641466411683, 0.02792135249551498, 0.09672282349945242, -0.029446337515214426, 0.994875674957044, 570
121, 59, 160, 95, 0.16441140581040398, -0.060187239455699676, 0.35900593096883365, 0.9937151547055785, 0.0014557078286020464, -0.1119288712673612, -0.0025741220977069036, 0.9999481908681199, -0.009848323461396285, 0.11190873604814734, 0.010074546852933117, 0.9936674183557666, 587
122, 43, 165, 15, 0.21224448691666287, 0.07563350241230112, -0.1793856773038812, 0.9974157045621189, -0.046838516047812945, -0.05447995693180676, 0.04571158710385349, 0.9987178450858809, -0.0217512462048002, 0.05542890128172978, 0.01920466926176179, 0.9982779260212286, 599
129, 75, 200, 75, -0.08951173931395794, -0.02102220341647346, 0.02450232716625228, 0.9977941807705597, -0.017055738681316605, -0.06415508240538746, 0.015767544166857467, 0.9996648461445783, -0.02053241178437008, 0.06448377603206541, 0.01947555290027579, 0.9977286933169132, 603
130, 75, 205, 75, 0.31143627069057433, -0.021331235429587918, 0.10335219258667425, 0.9798532698091149, 0.01654535250476809, -0.19903221084758835, -0.020367259404806437, 0.999645114613483, -0.017170310822290237, 0.19867748837934116, 0.020878125871104797, 0.9798425176891371, 582
130, 76, 205, 81, 0.21379798561447377, 0.235671012519782, 0.04466418570870229, -0.12784596834053927, 0.988870750209831, -0.07609236333901127, 0.9901120204205602, 0.13171933529239496, 0.04825146348916157, 0.05773729641909134, -0.06917120853054379, -0.995932602394679, 546
139, 78, 10, 93, -0.06966062702947136, -0.00445563976092861, 0.016404100118481733, 0.999712213216892, -0.012231661756356416, -0.020636792281306424, 0.012164436811881433, 0.9999202981138697, -0.0033799255790409257, 0.020676489596482404, 0.003127917925425739, 0.9997813255444503, 546
139, 79, 10, 95, -0.10621727598775522, 0.02341791065772954, 0.016547244850375613, 0.9999176536321421, 0.012557271877344846, -0.002645917192555025, -0.01250123921311701, 0.9997173053447469, 0.020224450854708267, 0.0028991331338589876, -0.020189708200876417, 0.99979196371537, 504
149, 15, 60, 75, -0.072863861577186, -0.017006246424063502, -0.00042734410007974274, 0.9964907625667078, 0.0374360239848315, -0.07486457257893969, -0.03882078483149684, 0.9990993917632974, -0.017127522975495198, 0.07415596256732727, 0.01997371989431907, 0.9970466106102046, 523
149, 16, 60, 80, -0.18857070755059532, -0.003318211522237468, -0.02658382457280452, 0.9994969946915432, 0.0018972208717705278, -0.031656881645810556, -0.001420980814006962, 0.999885589141293, 0.015059529909518464, 0.031681831009260815, -0.015006971064580862, 0.9993853372965642, 528
167, 54, 150, 70, -0.11979945735971675, 0.0043611363603355425, -0.04166998700589984, 0.999593077178789, -0.019633206890632346, -0.020693410628256657, 0.01977102925113923, 0.9997835554657236, 0.006476775638165015, 0.0205617717765421, -0.006883270117186941, 0.9997648894284611, 677
168, 54, 155, 70, 0.2103408999408391, 0.0356307306731744, -0.07795508967111463, 0.9936775781857692, -0.00420920770368564, -0.11219248273111755, 0.003937377461660878, 0.9999887521616374, -0.002644354162322793, 0.1122023514441176, 0.002185891287009063, 0.993682974700529, 637
179, 56, 10, 80, -0.11105835334598145, -0.05087230114656913, 0.03331987630180207, 0.9997821423818288, 0.0034885225412039367, -0.02057906666688077, -0.003697713818861413, 0.9999417928393999, -0.010135967918306114, 0.020542509265281974, 0.010209855219671729, 0.9997368474601099, 505
180, 56, 15, 80, 0.12496977813616587, -0.08596692483736054, -0.023031406261131555, 0.9979302482907205, 0.03182250018197133, -0.05587976403484116, -0.022031120085098832, 0.9855712126047708, 0.16782137716202206, 0.06041398260516401, -0.16624293478800872, 0.9842324102257826, 508
197, 22, 100, 110, -0.20752625489627124, -0.04322388785646258, 0.03634608609232674, 0.9981076828114078, 0.015086494890109502, 0.05961083110285615, -0.015937642234159943, 0.9997773529137788, 0.013828816317141997, -0.05938893055829893, -0.01475270390972632, 0.9981259002022206, 542
197, 23, 100, 115, -0.29505528362328065, -0.02662369271419908, -0.014388262704577687, 0.9986246139123444, 0.005110918224265189, 0.05218006327445542, -0.006509540000252619, 0.9996231217269691, 0.026669090682175604, -0.05202409420072931, -0.026972078594981675, 0.998281523719066, 543
197, 24, 100, 124, -0.26279946653505487, -0.0022822323149832204, 0.13488862554849218, 0.9989611798405491, 0.02203717516871563, 0.039886389685725276, -0.023468638581346984, 0.9990839661938008, 0.03578339695449066, -0.03906128741754832, -0.03668230370420971, 0.9985632801281228, 518
198, 21, 105, 105, -0.0264934987881474, -0.04526785742721167, -0.13191701566590108, 0.9963692917549976, 0.03138053764284087, 0.07914225360002476, -0.03115294312914087, 0.9995061826803395, -0.004109126204950986, -0.07923211837403384, 0.0016286930410454943, 0.9968548634465005, 543
198, 22, 105, 110, -0.07719053855946283, -0.016280531502847025, 0.01707079706389099, 0.9997484760824297, 0.018239401246142314, 0.013050241876757874, -0.018178470797381305, 0.999823368050567, -0.004772410238935357, -0.013134982692353836, 0.004533976422760537, 0.9999034529830714, 619
198, 23, 105, 115, -0.1280045351042757, -0.01694394633747118, 0.017098969554359203, 0.9997352903076546, 0.009350327970655301, 0.021021909530557756, -0.00964526176746961, 0.9998558588700953, 0.01397248755879849, -0.02088823206752342, -0.014171550726189627, 0.9996813736941924, 631
198, 24, 105, 124, -0.03598418705310074, 0.017701641502667606, -0.09990519116481889, 0.9975063163432601, 0.013326577192406168, 0.06930765611124576, -0.015480900659621457, 0.9994105980516569, 0.03063981424219811, -0.06885848219403928, -0.03163635317738587, 0.9971246915945714, 516
199, 20, 110, 101, 0.25134139636888914, 0.05701212762883669, -0.0030011388151787834, 0.9992310860081496, -0.03318556520778175, -0.020879535838076144, 0.03285288435049492, 0.9993308426101405, -0.016079645455053776, 0.021399176265141654, 0.01538132861449936, 0.9996526846786467, 506
199, 21, 110, 105, 0.12059009024035726, -0.007600301161960517, 0.16542860956611397, 0.994618066875188, -0.018262712121846443, -0.10198712855757155, 0.01811070767344548, 0.9998330680677467, -0.0024162503602655153, 0.10201423093388044, 0.0005561871906532614, 0.9947827839999935, 646
199, 22, 110, 110, 0.20362671120615922, -0.026673057219906898, 0.07317405516257727, 0.9987196879823064, 0.0021788011950971057, -0.05053946637902627, -0.0018483495279607396, 0.9999766150029926, 0.006584303393608866, 0.05055263040185864, -0.006482458832020729, 0.9987003601115522, 776
199, 23, 110, 115, 0.15724126271958033, -0.009227591174458451, 0.038653856588079405, 0.9995178999670635, -0.010196517526543707, -0.02932573401914514, 0.010854722288640626, 0.9996907486012334, 0.022373693596316982, 0.02908853123599185, -0.02268122993658553, 0.9993194780244687, 788
199, 24, 110, 124, 0.14027176582263437, -0.0035671254775361274, 0.014425309447352134, 0.9933210851234253, 0.02398779383555657, -0.11286189612142786, -0.019996683960874957, 0.9991385598296091, 0.03636304294449864, 0.11363694152778851, -0.03386331360805425, 0.9929450747708518, 624
209, 35, 160, 35, 0.13940655669252888, -0.03151924520798358, 0.00012688516177043204, 0.9998655441034714, -0.01420196572222622, -0.008197431566888475, 0.014375183350230107, 0.9996660663025428, 0.0214734716999169, 0.007889728659236284, -0.021588424046802925, 0.9997358111665597, 595
209, 36, 160, 40, 0.09451483025618743, -0.009044165041797607, -0.005390883968662142, 0.9998803280814932, 0.004679310867865447, -0.01474562868945716, -0.004469626050535355, 0.9998888845284623, 0.01422114761176578, 0.014810535392545432, -0.01415353829362619, 0.9997901406771108, 658
209, 37, 160, 45, 0.134085513960065, -0.013387511614045805, -0.002805988806158674, 0.9999679999483442, 0.006438671932957877, -0.004747903015811085, -0.0064468322726146604, 0.9999777646873492, -0.0017054279642127268, 0.0047368167535361, 0.0017359823248176906, 0.999987274385235, 536
